Hostname,Channel
google,Search
bing,Search
yahoo,Search
ask,Search
aol,Search
avg,Search
search-results,Search
baidu,Search
babylon,Search
conduit,Search
sogou,Search
startsiden,Search
virgilio,Search
centrum,Search
incredimail,Search
msn,Search
daum,Search
rambler,Search
search,Search
search.smt.docomo,Search
so,Search
yandex,Search
facebook,Social
t,Social
tripadvisor,Social
yelp,Social
plus.url.google,Social
tinyurl,Social
meetup,Social
reddit,Social
urbanspoon,Social
pinterest,Social
goodgobble.blogspot,Social
plus.google,Social
linkedin,Social
youtube,Social
motherbrown.wordpress,Social
gutefrage,Social
u3atowerhamlets.wordpress,Social
vk,Social
blog.naver,Social
alphabetdating.blogspot,Social
keepitlondon.wordpress,Social
laurabertinelli.tumblr,Social
liverpoolvslondon.wordpress,Social
redirect.foursquare,Social
thegreatdateguide.blogspot,Social
answerbag,Social
giseleprice.tumblr,Social
lnkd,Social
roseschan.blogspot,Social
thefatsausage.wordpress,Social
thehappinessprojectlondon.wordpress,Social
amagazineblogwordpress,Social
dontstayin,Social
lensblurger.tumblr,Social
blogspot,Social
pixiv,Social
quora,Social
theladiesloos.livejournal,Social
todayiamhappythat.wordpress,Social
twitter,Social
a-to-z.tumblr,Social
alex-e-paola-sposi.weebly,Social
angloyankophile.blogspot,Social
appliquefashion.blogspot,Social
apps.facebook,Social
bwamu2.ning,Social
edge.sharethis,Social
erin-style.blogspot,Social
federicoporri.wordpress,Social
flickr,Social
getpocket,Social
haveyouseenlondon.wordpress,Social
hubpages,Social
interpals,Social
iwiw,Social
jackgillilandfmp.wordpress,Social
londonorca.blogspot,Social
londonstallpeopleclub.wordpress,Social
mcstudentenwerkles.wordpress,Social
metrouk2.wordpress,Social
missbritannika.blogspot,Social
movaway.tumblr,Social
mrskeevil.wordpress,Social
np.reddit,Social
peidesign.wordpress,Social
tagged,Social
teacupscupcakes.blogspot,Social
thegreatdateguide.blogspot.tr,Social
thislittlepiggylovesfood.blogspot,Social
touch.facebook,Social
tumblr,Social
urlopener.blogspot,Social
vimeo,Social
visitlondon.tripadvisor,Social
wiki.answers,Social
almenland,Social
googlesyndication,Paid Search
googleads,Paid Search